<component name="libraryTable">
  <library name="animal-sniffer-annotations-1.20">
    <CLASSES>
      <root url="jar://$USER_HOME$/Downloads/firebase/animal-sniffer-annotations-1.20.jar!/" />
      <root url="jar://$USER_HOME$/Downloads/firebase/annotations-4.1.1.4.jar!/" />
      <root url="jar://$USER_HOME$/Downloads/firebase/api-common-1.10.4.jar!/" />
      <root url="jar://$USER_HOME$/Downloads/firebase/auto-value-annotations-1.8.1.jar!/" />
      <root url="jar://$USER_HOME$/Downloads/firebase/checker-compat-qual-2.5.5.jar!/" />
      <root url="jar://$USER_HOME$/Downloads/firebase/commons-codec-1.15.jar!/" />
      <root url="jar://$USER_HOME$/Downloads/firebase/commons-logging-1.2.jar!/" />
      <root url="jar://$USER_HOME$/Downloads/firebase/conscrypt-openjdk-uber-2.5.1.jar!/" />
      <root url="jar://$USER_HOME$/Downloads/firebase/error_prone_annotations-2.7.1.jar!/" />
      <root url="jar://$USER_HOME$/Downloads/firebase/failureaccess-1.0.1.jar!/" />
      <root url="jar://$USER_HOME$/Downloads/firebase/firebase-admin-8.2.0.jar!/" />
      <root url="jar://$USER_HOME$/Downloads/firebase/gax-1.66.0.jar!/" />
      <root url="jar://$USER_HOME$/Downloads/firebase/gax-grpc-1.66.0.jar!/" />
      <root url="jar://$USER_HOME$/Downloads/firebase/gax-httpjson-0.83.0.jar!/" />
      <root url="jar://$USER_HOME$/Downloads/firebase/google-api-client-1.34.1.jar!/" />
      <root url="jar://$USER_HOME$/Downloads/firebase/google-api-client-gson-1.34.1.jar!/" />
      <root url="jar://$USER_HOME$/Downloads/firebase/google-api-services-storage-v1-rev20210127-1.32.1.jar!/" />
      <root url="jar://$USER_HOME$/Downloads/firebase/google-auth-library-credentials-0.26.0.jar!/" />
      <root url="jar://$USER_HOME$/Downloads/firebase/google-auth-library-oauth2-http-0.26.0.jar!/" />
      <root url="jar://$USER_HOME$/Downloads/firebase/google-cloud-core-1.95.4.jar!/" />
      <root url="jar://$USER_HOME$/Downloads/firebase/google-cloud-core-grpc-1.95.4.jar!/" />
      <root url="jar://$USER_HOME$/Downloads/firebase/google-cloud-core-http-1.95.4.jar!/" />
      <root url="jar://$USER_HOME$/Downloads/firebase/google-cloud-firestore-2.6.1.jar!/" />
      <root url="jar://$USER_HOME$/Downloads/firebase/google-cloud-storage-1.118.0.jar!/" />
      <root url="jar://$USER_HOME$/Downloads/firebase/google-http-client-1.39.2.jar!/" />
      <root url="jar://$USER_HOME$/Downloads/firebase/google-http-client-apache-v2-1.41.8.jar!/" />
      <root url="jar://$USER_HOME$/Downloads/firebase/google-http-client-appengine-1.39.2.jar!/" />
      <root url="jar://$USER_HOME$/Downloads/firebase/google-http-client-gson-1.41.8.jar!/" />
      <root url="jar://$USER_HOME$/Downloads/firebase/google-http-client-jackson2-1.39.2.jar!/" />
      <root url="jar://$USER_HOME$/Downloads/firebase/google-oauth-client-1.33.2.jar!/" />
      <root url="jar://$USER_HOME$/Downloads/firebase/grpc-alts-1.39.0.jar!/" />
      <root url="jar://$USER_HOME$/Downloads/firebase/grpc-api-1.39.0.jar!/" />
      <root url="jar://$USER_HOME$/Downloads/firebase/grpc-auth-1.39.0.jar!/" />
      <root url="jar://$USER_HOME$/Downloads/firebase/grpc-context-1.39.0.jar!/" />
      <root url="jar://$USER_HOME$/Downloads/firebase/grpc-core-1.39.0.jar!/" />
      <root url="jar://$USER_HOME$/Downloads/firebase/grpc-grpclb-1.39.0.jar!/" />
      <root url="jar://$USER_HOME$/Downloads/firebase/grpc-netty-shaded-1.39.0.jar!/" />
      <root url="jar://$USER_HOME$/Downloads/firebase/grpc-protobuf-1.39.0.jar!/" />
      <root url="jar://$USER_HOME$/Downloads/firebase/grpc-protobuf-lite-1.39.0.jar!/" />
      <root url="jar://$USER_HOME$/Downloads/firebase/grpc-stub-1.39.0.jar!/" />
      <root url="jar://$USER_HOME$/Downloads/firebase/gson-2.8.7.jar!/" />
      <root url="jar://$USER_HOME$/Downloads/firebase/guava-30.1.1-android.jar!/" />
      <root url="jar://$USER_HOME$/Downloads/firebase/httpclient-4.5.13.jar!/" />
      <root url="jar://$USER_HOME$/Downloads/firebase/httpcore-4.4.15.jar!/" />
      <root url="jar://$USER_HOME$/Downloads/firebase/j2objc-annotations-1.3.jar!/" />
      <root url="jar://$USER_HOME$/Downloads/firebase/jackson-core-2.12.3.jar!/" />
      <root url="jar://$USER_HOME$/Downloads/firebase/javax.annotation-api-1.3.2.jar!/" />
      <root url="jar://$USER_HOME$/Downloads/firebase/jsr305-3.0.2.jar!/" />
      <root url="jar://$USER_HOME$/Downloads/firebase/netty-buffer-4.1.77.Final.jar!/" />
      <root url="jar://$USER_HOME$/Downloads/firebase/netty-codec-4.1.77.Final.jar!/" />
      <root url="jar://$USER_HOME$/Downloads/firebase/netty-codec-http-4.1.77.Final.jar!/" />
      <root url="jar://$USER_HOME$/Downloads/firebase/netty-common-4.1.77.Final.jar!/" />
      <root url="jar://$USER_HOME$/Downloads/firebase/netty-handler-4.1.77.Final.jar!/" />
      <root url="jar://$USER_HOME$/Downloads/firebase/netty-resolver-4.1.77.Final.jar!/" />
      <root url="jar://$USER_HOME$/Downloads/firebase/netty-transport-4.1.77.Final.jar!/" />
      <root url="jar://$USER_HOME$/Downloads/firebase/opencensus-api-0.28.0.jar!/" />
      <root url="jar://$USER_HOME$/Downloads/firebase/opencensus-contrib-grpc-util-0.28.0.jar!/" />
      <root url="jar://$USER_HOME$/Downloads/firebase/opencensus-contrib-http-util-0.28.0.jar!/" />
      <root url="jar://$USER_HOME$/Downloads/firebase/perfmark-api-0.23.0.jar!/" />
      <root url="jar://$USER_HOME$/Downloads/firebase/proto-google-cloud-firestore-bundle-v1-2.6.1.jar!/" />
      <root url="jar://$USER_HOME$/Downloads/firebase/proto-google-cloud-firestore-v1-2.6.1.jar!/" />
      <root url="jar://$USER_HOME$/Downloads/firebase/proto-google-common-protos-2.3.2.jar!/" />
      <root url="jar://$USER_HOME$/Downloads/firebase/proto-google-iam-v1-1.0.14.jar!/" />
      <root url="jar://$USER_HOME$/Downloads/firebase/protobuf-java-3.17.3.jar!/" />
      <root url="jar://$USER_HOME$/Downloads/firebase/protobuf-java-util-3.17.3.jar!/" />
      <root url="jar://$USER_HOME$/Downloads/firebase/slf4j-api-1.7.36.jar!/" />
      <root url="jar://$USER_HOME$/Downloads/firebase/threetenbp-1.5.1.jar!/" />
    </CLASSES>
    <JAVADOC />
    <SOURCES>
      <root url="jar://$USER_HOME$/Downloads/firebase/api-common-1.10.4.jar!/" />
    </SOURCES>
  </library>
</component>