<component name="libraryTable">
  <library name="commons-codec-1.2">
    <CLASSES>
      <root url="jar://$USER_HOME$/Downloads/RSS/commons-codec-1.2.jar!/" />
      <root url="jar://$USER_HOME$/Downloads/RSS/commons-httpclient-3.1.jar!/" />
      <root url="jar://$USER_HOME$/Downloads/RSS/commons-logging-1.0.4.jar!/" />
      <root url="jar://$USER_HOME$/Downloads/RSS/jdom2-2.0.6.1.jar!/" />
      <root url="jar://$USER_HOME$/Downloads/RSS/rome-1.19.0.jar!/" />
      <root url="jar://$USER_HOME$/Downloads/RSS/rome-fetcher-1.19.0.jar!/" />
      <root url="jar://$USER_HOME$/Downloads/RSS/rome-utils-1.19.0.jar!/" />
      <root url="jar://$USER_HOME$/Downloads/RSS/slf4j-api-2.0.6.jar!/" />
    </CLASSES>
    <JAVADOC />
    <SOURCES />
  </library>
</component>