<component name="libraryTable">
  <library name="google-http-client-1.44.1">
    <CLASSES>
      <root url="jar://$USER_HOME$/Downloads/jar_files (14)/google-http-client-1.44.1.jar!/" />
      <root url="jar://$USER_HOME$/Downloads/jar_files (14)/google-api-client-android-2.4.1.jar!/" />
      <root url="jar://$USER_HOME$/Downloads/jar_files (14)/httpclient-4.5.14.jar!/" />
      <root url="file://$PROJECT_DIR$" />
    </CLASSES>
    <JAVADOC />
    <SOURCES>
      <root url="file://$PROJECT_DIR$/src/main/java" />
    </SOURCES>
  </library>
</component>