<component name="libraryTable">
  <library name="gson-2.10.13">
    <CLASSES>
      <root url="jar://$PROJECT_DIR$/src/libraries/gson-2.10.1.jar!/" />
      <root url="jar://$PROJECT_DIR$/src/libraries/okhttp-4.2.1.jar!/" />
      <root url="jar://$PROJECT_DIR$/src/libraries/okio-1.13.0.jar!/" />
      <root url="jar://$PROJECT_DIR$/src/libraries/poi-5.2.3.jar!/" />
      <root url="jar://$PROJECT_DIR$/src/libraries/poi-excelant-5.2.3.jar!/" />
      <root url="jar://$PROJECT_DIR$/src/libraries/poi-ooxml-5.2.3.jar!/" />
      <root url="jar://$PROJECT_DIR$/src/libraries/poi-ooxml-lite-5.2.3.jar!/" />
      <root url="jar://$PROJECT_DIR$/src/libraries/simplecaptcha-1.3.0.jar!/" />
      <root url="jar://$PROJECT_DIR$/src/libraries/TrayTester.jar!/" />
    </CLASSES>
    <JAVADOC />
    <SOURCES />
  </library>
</component>