<component name="libraryTable">
  <library name="kotlin-stdlib-1.3.50">
    <CLASSES>
      <root url="jar://$USER_HOME$/Downloads/wetransfer_lib_2024-05-09_1444/lib/kotlin-stdlib-1.3.50.jar!/" />
      <root url="file://$USER_HOME$/Downloads/wetransfer_lib_2024-05-09_1444/lib" />
      <root url="jar://$USER_HOME$/Downloads/wetransfer_lib_2024-05-09_1444/lib/okio-2.2.2.jar!/" />
    </CLASSES>
    <JAVADOC />
    <SOURCES />
    <jarDirectory url="file://$USER_HOME$/Downloads/wetransfer_lib_2024-05-09_1444/lib" recursive="false" />
  </library>
</component>